"","縣市","鄉鎮市區","村里","同意票數","不同意票數","投票數","投票權人數","所得平均數","所得中位數","所得標準差","人口總數","0到9歲","10到19歲","20到29歲","30到39歲","40到49歲","50到59歲","60到69歲","70到79歲","80歲以上"
"1","台北市","北投區","八仙里",1717,947,2790,4923,1088,683,1404.95,5839,475,523,744,1014,898,899,782,319,185
"2","台北市","北投區","大同里",1816,942,2850,5164,1103,679,1657.45,6186,560,557,788,1028,936,927,829,337,224
"3","台北市","北投區","大屯里",394,153,588,1067,1551,588,7029.89,1249,105,111,131,206,174,196,170,98,58
"4","台北市","北投區","稻香里",1742,803,2650,4886,919,665,1075.71,5666,428,452,662,986,934,888,743,327,246
"5","台北市","北投區","東華里",1531,774,2420,3837,1056,671,1238.14,4748,472,520,534,731,741,674,651,269,156
"6","台北市","北投區","豐年里",1551,685,2335,3912,846,613,777.82,4833,612,361,570,836,817,664,525,291,157
"7","台北市","北投區","福興里",2212,1115,3469,6090,1077,728,1277.08,7610,825,883,831,1309,1256,985,908,396,217
"8","台北市","北投區","關渡里",3526,1779,5495,10006,1043,660,1607.97,11901,1173,934,1433,2162,1728,1701,1586,692,492
"9","台北市","北投區","湖山里",570,231,854,1519,1250,648,6565.94,1741,120,91,189,259,256,280,266,165,115
"10","台北市","北投區","湖田里",336,134,507,892,1022,586,2167.91,997,60,69,133,147,128,190,145,73,52
"11","台北市","北投區","吉利里",2338,1104,3560,5857,1086,765,1120.53,7628,931,997,733,1239,1318,919,863,406,222
"12","台北市","北投區","吉慶里",1638,913,2640,4391,1087,745,1291.08,5764,699,730,616,916,937,702,648,307,209
"13","台北市","北投區","建民里",1462,772,2324,3797,1224,719,1862.45,4397,349,358,530,699,620,668,655,297,221
"14","台北市","北投區","開明里",2273,1062,3463,5889,1228,676,3485.11,6872,517,578,928,1028,1094,1076,936,451,264
"15","台北市","北投區","立農里",2813,1469,4469,7724,1012,708,1118.74,9647,992,1142,1022,1761,1586,1243,1214,440,247
"16","台北市","北投區","立賢里",1680,857,2602,4644,1014,690,1098.47,5913,667,703,638,989,1000,744,715,301,156
"17","台北市","北投區","林泉里",878,498,1426,2762,948,664,1172.92,3185,273,204,354,567,473,509,480,216,109
"18","台北市","北投區","奇岩里",3195,1778,5170,9045,1309,694,5331.65,10321,840,845,1381,1681,1492,1657,1495,603,327
"19","台北市","北投區","清江里",2730,1299,4238,8470,943,634,1503.82,9751,654,729,1187,1525,1602,1691,1369,619,375
"20","台北市","北投區","泉源里",703,345,1113,2170,958,560,2362.72,2446,150,196,323,381,326,432,341,183,114
"21","台北市","北投區","榮光里",2346,1134,3617,6230,1038,723,1110.49,8067,1005,998,818,1297,1332,981,925,445,266
"22","台北市","北投區","榮華里",2210,1417,3783,6528,1563,819,5089.78,7764,698,681,925,1232,1129,1137,1159,524,279
"23","台北市","北投區","石牌里",1775,936,2822,4640,1016,683,1094.44,5525,498,448,634,1010,885,740,764,360,186
"24","台北市","北投區","桃源里",1929,1048,3074,5397,962,647,1059.03,6318,514,520,899,1176,879,1048,803,307,172
"25","台北市","北投區","溫泉里",2173,1120,3404,5954,1050,657,1641.88,6943,544,564,867,1092,1011,1133,987,447,298
"26","台北市","北投區","文化里",1566,654,2296,3617,1124,795,1140.94,4524,627,365,504,697,663,739,496,226,207
"27","台北市","北投區","文林里",1405,798,2293,3798,1162,714,1830.26,4392,329,380,510,733,699,629,609,326,177
"28","台北市","北投區","秀山里",1097,469,1638,2937,859,598,837.06,3423,320,234,394,569,549,479,439,277,162
"29","台北市","北投區","一德里",2267,1225,3600,6487,1018,659,1340.6,7838,844,705,1008,1395,1256,1115,893,395,227
"30","台北市","北投區","永和里",2797,1562,4489,7993,1549,828,3358.84,9610,944,896,1144,1369,1486,1567,1290,569,345
"31","台北市","北投區","永明里",1658,780,2525,4183,1207,766,1548.15,5308,640,636,590,849,822,700,629,286,156
"32","台北市","北投區","永欣里",2183,1346,3642,6869,1948,1048,3432.14,8311,891,759,888,1302,1268,1260,1124,493,326
"33","台北市","北投區","裕民里",2344,1249,3766,6810,1333,770,1958.76,8084,746,697,958,1393,1244,1158,1135,484,269
"34","台北市","北投區","長安里",1795,1041,2931,5554,986,640,1475.98,6468,553,585,821,1034,998,1072,779,381,245
"35","台北市","北投區","振華里",2538,1310,3970,6642,1173,748,1595.28,8098,791,762,882,1302,1217,1089,1168,583,304
"36","台北市","北投區","智仁里",1889,902,2919,5333,871,643,813.95,6531,754,477,823,1134,1029,897,810,394,213
"37","台北市","北投區","中和里",1576,790,2461,4365,1079,669,1499.8,5150,477,359,589,820,857,764,664,371,249
"38","台北市","北投區","中心里",1955,1109,3149,5832,1130,682,2274.23,6680,536,450,802,1117,1010,1153,934,426,252
"39","台北市","北投區","中央里",2680,1381,4217,7542,1064,676,1373.03,8975,841,749,1130,1493,1414,1361,1168,518,301
"40","台北市","北投區","中庸里",1437,658,2180,3829,909,612,1176.94,4448,394,320,553,779,675,665,579,310,173
"41","台北市","北投區","洲美里",585,271,889,1660,813,596,761.3,2186,259,169,243,401,340,308,251,131,84
"42","台北市","北投區","尊賢里",1566,781,2434,4005,980,682,1224.94,5119,577,605,503,909,811,592,635,335,152
"43","台北市","大安區","昌隆里",975,508,1541,2818,1434,840,1914.27,3188,194,202,340,382,404,528,538,294,306
"44","台北市","大安區","車層里",1953,1015,3091,5436,1805,878,3538.18,6598,616,608,630,842,997,937,986,622,360
"45","台北市","大安區","誠安里",1251,650,1976,3667,1202,768,1481.18,4171,287,301,438,619,579,671,648,351,277
"46","台北市","大安區","大學里",2655,1498,4269,7232,1556,925,2815.72,8785,815,965,865,1140,1302,1279,1230,701,488
"47","台北市","大安區","德安里",1782,912,2786,4848,1888,876,4742.42,5939,577,592,565,729,825,937,912,486,316
"48","台北市","大安區","敦安里",1914,1051,3041,5321,2061,938,5903.4,6697,780,755,591,822,1119,863,910,584,273
"49","台北市","大安區","敦煌里",1830,1063,2989,5169,1762,965,4262.22,6629,903,634,539,945,1101,739,907,556,305
"50","台北市","大安區","法治里",1484,800,2377,3958,1319,770,1945.36,4604,382,381,520,688,679,715,674,312,253
"51","台北市","大安區","芳和里",1905,864,2874,5100,1160,728,1480.94,5897,470,446,651,926,915,923,811,449,306
"52","台北市","大安區","福住里",1795,1179,3066,5155,1837,1037,3435.47,6894,1026,873,600,964,1125,871,758,429,248
"53","台北市","大安區","古風里",1348,780,2193,3596,1526,885,3358.18,4334,375,399,463,599,680,632,657,328,201
"54","台北市","大安區","古莊里",2369,1305,3774,6129,1403,862,2163.84,7406,693,762,789,1070,1103,1090,1021,527,351
"55","台北市","大安區","光明里",1084,515,1642,2945,2333,1099,11233.84,3889,528,551,361,532,714,451,404,219,129
"56","台北市","大安區","光武里",2196,1191,3533,6508,1685,785,9189.52,7781,767,598,743,1065,1137,1192,1226,667,386
"57","台北市","大安區","光信里",2280,1346,3749,6534,1643,862,3511.88,8139,862,831,816,1166,1196,1134,1206,600,328
"58","台北市","大安區","和安里",2135,1241,3472,5767,4061,993,51424.05,7478,873,1018,742,948,1223,1032,832,493,317
"59","台北市","大安區","虎嘯里",1176,682,1935,3311,1549,853,2718.44,3993,392,308,410,599,613,612,568,281,210
"60","台北市","大安區","華聲里",1292,765,2123,3647,1723,818,6336.65,4418,441,365,479,633,612,639,671,333,245
"61","台北市","大安區","建安里",1508,771,2354,4254,1702,859,3709.76,5193,522,468,509,684,792,760,778,393,287
"62","台北市","大安區","建倫里",1832,991,2932,5267,2484,923,25442.73,6486,698,606,569,785,946,980,952,595,355
"63","台北市","大安區","錦安里",1758,1059,2899,4884,2122,1033,6423.34,6485,917,805,586,849,1066,854,738,404,266
"64","台北市","大安區","錦華里",1764,978,2828,4640,1740,1046,4964.63,6228,862,814,594,872,1056,753,729,342,206
"65","台北市","大安區","錦泰里",1094,570,1715,2978,1542,957,2065.56,3897,493,528,286,511,688,485,458,271,177
"66","台北市","大安區","黎和里",1548,836,2475,4312,1141,747,1346.25,4933,373,345,542,810,859,776,735,314,179
"67","台北市","大安區","黎孝里",2506,1376,4011,6796,1082,728,1340.25,7832,622,505,925,1360,1113,1187,1288,528,304
"68","台北市","大安區","黎元里",1842,925,2874,4851,891,652,815.07,5716,512,434,664,1080,895,789,799,334,209
"69","台北市","大安區","臨江里",1369,682,2132,3633,1006,671,1137.06,4294,324,379,509,679,656,704,535,302,206
"70","台北市","大安區","龍安里",1868,1216,3171,6705,2131,1025,8179.06,8466,982,884,658,944,1476,1362,1164,588,408
"71","台北市","大安區","龍門里",1303,843,2191,3594,2036,1075,6108.6,4626,562,576,394,551,727,603,635,371,207
"72","台北市","大安區","龍坡里",1772,1071,2927,4829,1637,987,2807.15,6146,627,797,553,742,983,791,852,495,306
"73","台北市","大安區","龍泉里",1440,884,2413,4047,1467,861,2844.14,5098,591,614,492,741,838,626,666,324,206
"74","台北市","大安區","龍生里",2077,1156,3331,5535,1669,968,2523.12,7183,833,949,696,878,1189,1014,864,457,303
"75","台北市","大安區","龍圖里",2170,1170,3429,5891,1597,889,2584.07,7064,675,568,735,1048,1012,1046,1074,561,345
"76","台北市","大安區","龍淵里",2828,1705,4681,7674,1525,967,2211.63,10323,1489,1389,935,1357,1780,1269,1091,647,366
"77","台北市","大安區","龍雲里",1518,798,2397,4215,2307,842,20381.67,4996,434,424,589,642,693,793,723,425,273
"78","台北市","大安區","龍陣里",1146,639,1845,3091,1656,877,3166.22,3584,277,287,434,476,478,571,535,339,187
"79","台北市","大安區","民輝里",1997,1094,3190,5988,2467,935,8953.01,7044,642,522,736,942,885,1122,1157,558,480
"80","台北市","大安區","民炤里",2385,1351,3869,6795,2292,985,12370.29,8430,846,909,779,1005,1254,1282,1163,702,490
"81","台北市","大安區","全安里",1359,762,2197,3844,1886,843,5096.06,4549,359,362,469,633,678,646,793,378,231
"82","台北市","大安區","群賢里",1850,972,2904,5149,NA,NA,NA,6027,514,475,676,813,857,905,979,469,339
"83","台北市","大安區","群英里",2381,1098,3579,6080,NA,NA,NA,7154,544,592,836,988,869,1325,1199,443,358
"84","台北市","大安區","仁愛里",1575,729,2361,4461,2791,950,17887.22,5454,541,488,472,617,743,847,880,527,339
"85","台北市","大安區","仁慈里",1543,1001,2642,4386,2019,995,6914.76,5832,755,805,516,704,956,786,745,330,235
"86","台北市","大安區","通安里",1886,953,2947,4829,1206,731,1551.02,5772,499,459,640,896,916,845,837,408,272
"87","台北市","大安區","通化里",1874,1018,3027,5453,1162,698,2399.86,6358,522,485,742,1085,990,976,889,421,248
"88","台北市","大安區","臥龍里",660,366,1048,1757,1391,856,2183.76,2280,356,217,196,351,337,278,266,158,121
"89","台北市","大安區","新龍里",2289,1186,3559,5712,1458,890,2559.34,7184,749,885,725,933,1157,1012,1008,417,298
"90","台北市","大安區","學府里",895,397,1383,2327,1218,733,1321.43,2803,287,201,285,283,362,504,351,244,286
"91","台北市","大安區","義安里",1697,937,2726,4663,2241,940,8168.34,5479,439,451,609,762,820,809,859,472,258
"92","台北市","大安區","義村里",2033,943,3073,5067,1564,773,10618.94,5726,352,414,599,786,781,912,1044,500,338
"93","台北市","大安區","永康里",1141,614,1808,3119,1556,896,2360.72,4055,500,511,380,541,612,560,506,256,189
"94","台北市","大安區","正聲里",1416,806,2280,4124,1802,858,5994.33,5045,528,441,518,687,693,781,763,338,296
"95","台北市","大安區","住安里",1608,821,2505,4554,1451,766,3854.81,5387,442,477,551,781,787,867,733,430,319
"96","台北市","大同區","保安里",1448,710,2267,3630,1091,660,2228.44,4242,355,321,484,664,672,634,563,326,223
"97","台北市","大同區","朝陽里",1472,794,2338,3923,1168,633,2317.62,4554,374,351,537,742,695,734,643,302,176
"98","台北市","大同區","大有里",1524,890,2540,4253,994,640,1211.04,5114,469,449,589,884,775,706,679,344,219
"99","台北市","大同區","光能里",1615,862,2604,4303,1004,644,1521.04,5399,593,583,568,857,858,760,621,341,218
"100","台北市","大同區","國慶里",1431,783,2297,3885,1065,682,1246.68,4582,462,330,577,814,672,686,598,282,161
"101","台北市","大同區","國順里",790,407,1295,2468,761,553,667.5,2929,226,188,345,443,493,466,430,223,115
"102","台北市","大同區","建功里",1458,773,2331,4132,1304,634,8188.46,4895,481,363,504,859,752,684,718,337,197
"103","台北市","大同區","建明里",1080,530,1685,2972,1503,619,12347.48,3517,301,244,396,593,480,547,547,243,166
"104","台北市","大同區","建泰里",1159,711,1953,3197,1126,716,1881.07,4032,516,340,422,731,563,520,535,260,145
"105","台北市","大同區","景星里",847,439,1353,2388,836,614,935.91,2868,246,204,327,473,444,413,400,245,116
"106","台北市","大同區","老師里",1975,1027,3143,5195,860,617,922.24,6177,577,487,724,1097,942,873,809,412,256
"107","台北市","大同區","鄰江里",1964,1084,3200,5823,835,594,873.61,6668,555,423,787,1193,954,1070,892,488,306
"108","台北市","大同區","隆和里",1043,553,1670,2699,1001,630,1399.27,3252,333,300,386,492,507,452,395,240,147
"109","台北市","大同區","民權里",1944,1144,3215,5427,1196,765,2184.31,6902,776,792,736,1173,1133,887,840,352,213
"110","台北市","大同區","南芳里",1309,718,2100,3518,923,613,967.82,4255,473,394,430,724,673,569,527,307,158
"111","台北市","大同區","蓬萊里",1617,857,2544,4354,1253,643,4049.6,5101,420,403,609,920,770,755,678,343,203
"112","台北市","大同區","雙連里",3264,1391,4843,7949,995,656,1626.57,10102,1028,1203,1033,1577,1664,1426,1224,601,346
"113","台北市","大同區","斯文里",1588,815,2546,4466,974,609,2645,5569,461,398,614,949,901,911,732,367,236
"114","台北市","大同區","星明里",1881,1080,3059,5142,1127,712,1843.11,6432,865,563,633,1198,1034,859,761,340,179
"115","台北市","大同區","延平里",1392,707,2160,3710,944,594,1201.95,4350,405,295,503,719,671,685,616,296,160
"116","台北市","大同區","揚雅里",1077,542,1692,4014,966,607,1411.89,4460,304,248,445,758,630,852,697,282,244
"117","台北市","大同區","永樂里",1797,922,2829,4703,1340,659,5172.92,5589,548,476,636,950,782,791,768,400,238
"118","台北市","大同區","玉泉里",956,553,1593,2613,1132,711,1460.09,3101,280,248,335,525,469,403,484,220,137
"119","台北市","大同區","至聖里",2644,1413,4197,7142,1012,647,1556.22,8348,747,592,991,1431,1264,1226,1121,589,387
"120","台北市","大同區","重慶里",2124,1098,3374,5651,1142,719,1942.07,6840,678,644,794,1143,1058,996,885,396,246
"121","台北市","南港區","百福里",1782,887,2768,4733,906,644,965.95,5655,528,490,646,1073,896,799,736,339,148
"122","台北市","南港區","成福里",2642,1364,4162,6741,982,656,1137.84,7997,733,638,922,1558,1233,1138,1074,440,261
"123","台北市","南港區","東明里",1614,787,2470,4093,1250,803,1745.38,4931,473,454,633,807,803,764,557,279,161
"124","台北市","南港區","東新里",2272,1219,3610,6336,947,637,1045.51,7625,732,746,973,1344,1215,1080,907,423,205
"125","台北市","南港區","合成里",2425,1104,3655,5983,1210,681,3010.46,7062,599,564,835,1156,1141,1041,992,479,255
"126","台北市","南港區","鴻福里",1563,820,2469,4011,1039,720,1212.93,4729,400,368,545,863,738,683,641,324,167
"127","台北市","南港區","九如里",2347,967,3441,5592,933,636,1152.93,6742,677,574,818,1128,1069,1006,820,375,275
"128","台北市","南港區","舊莊里",2714,1358,4238,7922,NA,NA,NA,9609,915,924,1286,1720,1563,1400,999,507,295
"129","台北市","南港區","聯成里",1775,837,2688,4508,932,644,1010.58,5324,510,413,621,907,841,755,722,346,209
"130","台北市","南港區","南港里",1976,1000,3061,5655,975,679,995.96,6653,647,592,742,1132,1054,1045,835,388,218
"131","台北市","南港區","仁福里",1990,978,3059,4916,999,706,926.18,5836,459,592,671,812,1217,890,673,324,198
"132","台北市","南港區","三重里",2239,1224,3559,6330,1785,940,3538.4,7664,1053,574,790,1506,1396,1045,817,311,172
"133","台北市","南港區","萬福里",1470,772,2329,3805,1065,676,1388.09,4412,356,311,529,805,586,676,666,300,183
"134","台北市","南港區","西新里",1482,790,2337,4165,890,629,981.17,5049,495,475,602,994,794,700,551,293,145
"135","台北市","南港區","新富里",1412,724,2219,3486,895,619,954.71,4244,459,363,535,783,628,610,458,254,154
"136","台北市","南港區","新光里",1225,588,1861,3337,1157,639,8343.02,3965,363,309,509,697,575,588,544,216,164
"137","台北市","南港區","玉成里",1575,802,2456,4228,971,685,1153.45,5075,513,384,612,912,867,708,598,321,160
"138","台北市","南港區","中南里",1130,570,1762,3315,790,591,817.98,3983,399,345,496,703,601,613,474,218,134
"139","台北市","南港區","中研里",2840,1873,4876,8171,1075,714,1503.78,9840,1079,764,1320,1802,1349,1445,1233,517,331
"140","台北市","南港區","重陽里",1737,982,2803,4580,1702,1036,2217.79,5760,708,600,609,1043,1220,774,489,223,94
"141","台北市","內湖區","安湖里",2321,1384,3812,6644,1140,734,1598.68,8331,910,1037,1248,1337,1203,1282,902,254,158
"142","台北市","內湖區","安泰里",1740,864,2710,4787,905,660,875.52,5844,597,568,739,1144,964,841,667,205,119
"143","台北市","內湖區","寶湖里",2717,1634,4473,7392,2063,1274,2849.53,9078,1166,789,1002,1691,1597,1358,968,341,166
"144","台北市","內湖區","碧山里",2409,1275,3788,6183,1131,741,1758.07,7343,642,725,950,1220,1137,1263,869,311,226
"145","台北市","內湖區","大湖里",1690,1170,2947,4835,1460,896,2831.49,5725,538,475,861,886,853,1046,682,243,141
"146","台北市","內湖區","東湖里",2329,1340,3789,6634,928,675,888.05,8106,791,897,1164,1530,1164,1295,872,248,145
"147","台北市","內湖區","港都里",1729,1011,2825,4732,1206,741,2059.79,6039,661,707,764,1033,875,863,740,240,156
"148","台北市","內湖區","港富里",3175,1610,4949,8285,1180,754,1981.59,10076,909,1074,1323,1671,1442,1552,1330,457,318
"149","台北市","內湖區","港華里",2901,1604,4620,7740,1279,738,2709.14,9772,1149,1056,1176,1717,1476,1337,1306,354,201
"150","台北市","內湖區","港墘里",1966,1093,3162,5276,1183,762,1442.45,6417,584,703,828,1020,986,1029,831,280,156
"151","台北市","內湖區","湖濱里",2863,1513,4498,7310,1478,829,2814.6,8680,724,893,1119,1282,1245,1427,1230,455,305
"152","台北市","內湖區","湖興里",2228,1298,3643,7676,1106,733,1622.11,8935,772,609,1073,1576,1370,1608,1274,407,246
"153","台北市","內湖區","湖元里",1789,976,2844,4808,1173,748,2000.05,5699,537,446,806,1078,715,846,874,246,151
"154","台北市","內湖區","葫洲里",2269,1282,3648,6052,1442,942,1814.95,7922,1037,1094,1018,1126,1279,1270,691,254,153
"155","台北市","內湖區","金湖里",2889,1795,4820,8109,2273,1177,4357.18,10601,1377,1448,1275,1211,1922,1822,895,387,264
"156","台北市","內湖區","金龍里",1695,886,2652,4784,932,673,928.28,5595,500,397,750,977,824,905,787,305,150
"157","台北市","內湖區","金瑞里",2171,1145,3426,5804,1028,725,1056.29,7030,664,712,797,1308,1036,1041,987,288,197
"158","台北市","內湖區","康寧里",2754,1483,4372,7457,1241,844,1678.45,9571,1104,1266,1205,1404,1640,1465,936,329,222
"159","台北市","內湖區","樂康里",2636,1441,4228,7348,922,689,846.55,9203,1049,900,1226,1839,1358,1355,1043,271,162
"160","台北市","內湖區","麗山里",1838,1110,3048,5175,1232,771,2108.12,6385,710,650,796,1162,961,903,783,251,169
"161","台北市","內湖區","蘆洲里",427,202,656,1157,785,581,705.3,1420,153,141,193,251,250,198,142,68,24
"162","台北市","內湖區","明湖里",1769,959,2810,4624,1053,726,1075.25,6026,787,768,763,1065,947,871,563,154,108
"163","台北市","內湖區","南湖里",1721,1146,2939,4647,1694,1125,2109.21,6159,822,884,766,800,1100,984,491,202,110
"164","台北市","內湖區","內溝里",1468,771,2340,4190,983,672,974.37,5022,447,465,747,890,704,872,571,191,135
"165","台北市","內湖區","內湖里",1996,1071,3179,5472,1124,726,1421.91,6159,467,457,875,990,894,1137,826,291,222
"166","台北市","內湖區","清白里",2746,1546,4387,7433,1580,920,2515.05,8888,845,857,1086,1349,1535,1572,1085,319,240
"167","台北市","內湖區","瑞光里",1659,852,2583,4144,1044,714,1221.88,4796,430,289,661,852,608,897,650,227,182
"168","台北市","內湖區","瑞陽里",2603,1319,4065,6880,1200,788,1567.64,8072,655,706,1002,1191,1281,1433,960,477,367
"169","台北市","內湖區","石潭里",1226,678,1958,3520,1401,832,2263.52,4117,437,289,476,850,745,573,426,208,113
"170","台北市","內湖區","五分里",3141,1746,5051,8925,965,688,1062.34,11901,1686,1520,1485,2130,2011,1445,1048,385,191
"171","台北市","內湖區","西安里",2329,1296,3730,5914,1102,746,1303.26,6848,609,456,905,1278,908,1091,1105,297,199
"172","台北市","內湖區","西湖里",2335,1302,3759,6500,999,670,1409.97,7464,609,472,983,1518,943,1143,1212,355,229
"173","台北市","內湖區","西康里",2914,1735,4830,8357,1412,791,3013.71,9726,868,714,1329,1613,1446,1704,1300,472,280
"174","台北市","內湖區","行善里",2145,1111,3363,5998,947,684,847.71,7063,656,559,802,1325,1276,1082,810,334,219
"175","台北市","內湖區","秀湖里",2056,1160,3345,5552,1625,855,2853.78,6489,531,541,929,963,807,1204,936,371,207
"176","台北市","內湖區","週美里",2462,1363,3963,7138,1484,802,2449.85,8315,895,553,976,1570,1472,1211,982,409,247
"177","台北市","內湖區","紫星里",2753,1331,4290,7069,1076,714,1213.46,8314,749,640,1112,1513,1133,1318,1228,394,227
"178","台北市","內湖區","紫陽里",2753,1439,4316,7177,1299,783,2565.44,8462,771,648,1150,1531,1121,1421,1254,343,223
"179","台北市","內湖區","紫雲里",1942,951,2988,5096,1059,727,1165.41,6178,620,599,746,923,1080,986,653,319,252
"180","台北市","士林區","百齡里",2407,1181,3714,6175,857,643,733.68,7577,822,657,886,1404,1148,994,1020,429,217
"181","台北市","士林區","承德里",1776,951,2855,4921,1171,752,1564.93,5823,510,467,676,994,863,901,797,368,247
"182","台北市","士林區","翠山里",962,452,1485,2434,1273,737,2397.95,2764,178,173,292,348,425,492,410,253,193
"183","台北市","士林區","德華里",1757,983,2848,4960,1116,683,5276.18,5837,493,468,726,992,877,830,828,401,222
"184","台北市","士林區","德行里",1470,822,2387,3862,1190,699,2512.63,4583,412,379,506,752,724,676,630,336,168
"185","台北市","士林區","東山里",1784,867,2744,4558,1709,736,7113.95,5372,417,557,725,745,810,849,733,288,248
"186","台北市","士林區","福安里",1368,637,2116,4342,763,557,823.24,5009,369,433,668,853,873,786,543,307,177
"187","台北市","士林區","福德里",1581,783,2479,5331,1139,719,1303.15,6120,402,454,598,806,993,1099,1009,436,323
"188","台北市","士林區","福華里",2025,1012,3171,5632,843,603,880.02,6642,594,534,812,1150,1019,1014,859,401,259
"189","台北市","士林區","福佳里",2598,1294,4022,6779,1227,718,2137.63,8194,833,733,956,1253,1230,1209,1013,616,351
"190","台北市","士林區","福林里",1015,520,1608,2659,1570,759,8285.38,3163,294,223,374,465,449,496,425,249,188
"191","台北市","士林區","福順里",1523,835,2515,4747,868,612,985.08,5543,471,503,615,949,916,782,728,373,206
"192","台北市","士林區","福志里",2457,1368,3972,6757,1281,750,2252.31,7894,683,582,862,1219,1059,1249,1234,590,416
"193","台北市","士林區","福中里",2251,1220,3638,5934,1009,681,1275.74,7355,837,739,785,1326,1283,950,862,400,173
"194","台北市","士林區","富光里",1876,831,2831,5188,763,579,682.63,6211,562,578,712,1148,965,869,802,392,183
"195","台北市","士林區","富洲里",2370,772,3262,5240,738,558,644.15,6111,525,463,830,1095,987,912,729,385,185
"196","台北市","士林區","公館里",431,226,700,1262,1774,668,5613.47,1432,101,87,179,218,203,261,197,103,83
"197","台北市","士林區","後港里",2798,1284,4238,7204,1047,672,1588.29,8611,837,699,1066,1511,1273,1264,1166,525,270
"198","台北市","士林區","葫東里",1293,685,2046,3634,896,617,1317.38,4320,397,357,538,723,703,667,544,243,148
"199","台北市","士林區","葫蘆里",2478,1180,3788,6631,869,646,1149.69,8109,878,717,861,1457,1361,1080,928,541,286
"200","台北市","士林區","菁山里",620,265,941,1475,2206,638,23101.56,1671,129,122,188,259,263,288,221,119,82
"201","台北市","士林區","舊佳里",2120,1087,3341,5565,1254,682,5164.43,6466,536,498,729,1062,912,966,940,513,310
"202","台北市","士林區","蘭興里",2124,1234,3492,5690,1385,822,2074.11,6767,611,567,847,1069,952,1029,1034,425,233
"203","台北市","士林區","蘭雅里",2692,1619,4466,7652,1332,780,3254.6,9113,854,750,1118,1499,1251,1343,1425,554,319
"204","台北市","士林區","臨溪里",898,451,1400,2671,2225,876,4897.11,3067,217,218,374,413,427,533,443,255,187
"205","台北市","士林區","名山里",2372,1290,3800,6297,1279,768,1817.46,7441,635,661,864,1161,1037,1162,1117,512,292
"206","台北市","士林區","明勝里",1683,890,2648,4430,1005,684,1126.25,5204,454,378,596,890,842,728,732,348,236
"207","台北市","士林區","平等里",596,248,904,1360,1019,629,2646.33,1549,90,132,215,223,243,246,201,127,72
"208","台北市","士林區","前港里",1525,793,2411,3942,1103,715,1563.14,4904,489,513,586,837,778,688,613,258,142
"209","台北市","士林區","仁勇里",1255,622,1984,3415,1150,649,4928.37,4166,394,408,483,656,629,599,502,310,185
"210","台北市","士林區","三玉里",1810,1010,2937,5127,1531,792,3849.39,6089,573,460,734,1049,807,912,979,352,223
"211","台北市","士林區","社新里",2921,1407,4530,8041,812,594,734.38,9671,956,880,1077,1737,1602,1306,1256,578,279
"212","台北市","士林區","社園里",2231,1045,3428,6387,811,601,727.48,7733,789,693,935,1464,1164,1035,976,460,217
"213","台北市","士林區","社子里",1987,841,2953,5700,869,619,936.13,6860,683,619,807,1215,1072,974,858,406,226
"214","台北市","士林區","聖山里",1735,945,2774,4457,1357,814,2821.69,5352,461,476,642,818,784,848,782,343,198
"215","台北市","士林區","天福里",2037,1224,3372,5497,1228,759,2220.93,6664,644,691,791,1060,930,988,971,380,209
"216","台北市","士林區","天和里",2292,1458,3879,6605,1718,808,6811.06,8038,730,889,966,1212,1046,1297,1190,396,312
"217","台北市","士林區","天祿里",1555,974,2637,4565,1297,783,2558.83,5494,533,487,620,883,813,729,859,362,208
"218","台北市","士林區","天母里",2007,1157,3290,5828,2169,858,12541.81,7090,647,730,879,967,912,1168,1067,430,290
"219","台北市","士林區","天山里",2235,1225,3568,6105,1355,774,2379.56,7270,628,696,872,1047,921,1163,1153,432,358
"220","台北市","士林區","天壽里",1443,968,2480,4410,2302,927,16146.6,5355,522,530,598,780,772,767,849,327,210
"221","台北市","士林區","天玉里",2748,1516,4401,7594,1847,843,8052.71,9416,951,1027,1060,1357,1316,1397,1375,558,375
"222","台北市","士林區","溪山里",567,227,837,1355,1237,568,8213.84,1540,112,128,183,217,233,250,212,134,71
"223","台北市","士林區","新安里",691,329,1072,1747,4737,612,52561.08,1993,119,137,236,273,261,319,325,179,144
"224","台北市","士林區","岩山里",1078,565,1703,2999,1603,699,7791.84,3534,288,293,426,539,493,583,564,212,136
"225","台北市","士林區","陽明里",1000,458,1576,2781,1771,712,5418.29,3111,199,151,336,462,404,550,500,284,225
"226","台北市","士林區","義信里",1029,518,1620,2834,1208,708,2281.73,3421,312,358,405,512,521,526,418,222,147
"227","台北市","士林區","永福里",447,190,667,1156,3936,831,14968.35,1296,92,85,144,169,199,217,196,108,86
"228","台北市","士林區","永倫里",2255,1066,3504,6383,831,606,810.23,7587,740,496,915,1441,1207,996,1067,481,244
"229","台北市","士林區","芝山里",2394,1357,3861,6584,1926,802,17316.1,7943,700,776,1026,1342,1030,1183,1227,407,252
"230","台北市","士林區","忠誠里",1862,879,2832,4952,1605,733,6643.61,5820,483,498,655,846,850,917,843,439,289
"231","台北市","松山區","安平里",2672,1475,4319,7443,1003,671,1183.58,8564,748,586,1038,1473,1208,1408,1165,546,392
"232","台北市","松山區","慈祐里",2031,1183,3357,7127,951,654,1031.68,8180,649,498,930,1370,1318,1404,1127,522,362
"233","台北市","松山區","東昌里",883,512,1447,2286,1724,906,6162.2,2946,348,372,318,351,453,385,363,235,121
"234","台北市","松山區","東光里",2379,1247,3746,6311,1310,797,2078.31,7349,540,599,855,951,1033,1215,1160,576,420
"235","台北市","松山區","東榮里",2570,1435,4173,6767,1835,926,4628.81,8291,802,949,840,1047,1251,1164,1231,651,356
"236","台北市","松山區","東勢里",1418,679,2176,3688,1566,785,8839.33,4586,476,488,430,612,724,609,659,358,230
"237","台北市","松山區","敦化里",2057,1191,3373,5792,1542,871,4308.93,7480,847,893,736,1079,1175,1024,970,451,305
"238","台北市","松山區","福成里",815,482,1335,2242,2081,907,11459.14,2818,288,315,279,376,416,417,382,187,158
"239","台北市","松山區","富錦里",1629,915,2646,4450,1436,797,5867,5422,542,441,598,838,795,771,818,417,202
"240","台北市","松山區","富泰里",1509,824,2421,4010,1271,817,1929.63,4801,493,384,462,695,809,712,649,375,222
"241","台北市","松山區","復建里",1403,761,2231,3761,1310,855,1422.2,4862,578,575,457,670,911,669,539,290,173
"242","台北市","松山區","復盛里",2155,1099,3388,5573,1137,737,2800.48,6650,578,588,797,1029,943,993,919,483,320
"243","台北市","松山區","復勢里",2061,1086,3265,5355,1280,795,1635.6,6648,691,711,710,949,1062,953,824,457,291
"244","台北市","松山區","復源里",1039,522,1620,2649,1409,793,4265.78,3392,377,441,314,468,567,472,403,204,146
"245","台北市","松山區","吉仁里",1207,642,1918,3317,1374,824,2260.89,4224,475,485,440,571,703,572,528,281,169
"246","台北市","松山區","吉祥里",2814,1458,4425,7404,1350,774,4484.6,8743,764,695,1024,1382,1203,1310,1392,613,360
"247","台北市","松山區","介壽里",1471,771,2331,3710,1676,898,4618.73,4779,531,622,430,588,807,629,605,361,206
"248","台北市","松山區","精忠里",1416,757,2236,3676,1989,972,7263.01,4628,519,525,444,615,720,626,622,343,214
"249","台北市","松山區","龍田里",3444,1633,5246,8478,1524,1013,1771.74,11107,1334,1535,891,1347,2240,1381,1210,682,487
"250","台北市","松山區","美仁里",1099,565,1727,2894,1508,888,2114.91,3752,448,478,332,495,646,486,480,237,150
"251","台北市","松山區","民福里",2250,1098,3450,5685,1098,719,1386.7,6537,481,426,740,1022,950,1042,1061,500,315
"252","台北市","松山區","民有里",2836,1688,4709,7675,1755,827,5581.84,9063,762,712,1008,1278,1282,1324,1541,776,380
"253","台北市","松山區","鵬程里",1855,986,2957,4845,1232,748,1864.91,5473,428,455,726,759,759,982,822,313,229
"254","台北市","松山區","三民里",2119,1289,3539,5950,1407,803,3529.74,7100,654,592,707,985,1137,1032,995,639,359
"255","台北市","松山區","松基里",1153,633,1844,3158,2334,846,13558.14,3729,313,284,418,596,483,583,599,274,179
"256","台北市","松山區","新東里",1646,870,2627,4279,1137,782,1262.67,5154,513,414,530,847,761,735,781,372,201
"257","台北市","松山區","新聚里",2403,1398,3930,7047,1137,727,1997.89,8322,707,698,1048,1362,1169,1267,1198,561,312
"258","台北市","松山區","新益里",1557,898,2528,4033,1082,724,1201.6,4807,389,388,507,804,769,663,697,395,195
"259","台北市","松山區","中華里",2030,1034,3181,5271,2001,992,6123.69,6759,795,809,656,836,1022,965,918,461,297
"260","台北市","松山區","中崙里",1189,641,1908,3395,1420,875,2348.64,4513,562,609,428,625,845,613,416,246,169
"261","台北市","松山區","中正里",2800,1576,4521,7803,1816,1012,6504.44,10711,1464,1583,932,1477,1916,1380,1072,566,321
"262","台北市","松山區","莊敬里",1739,894,2721,4660,1011,726,1027.19,5530,463,474,592,876,893,771,784,436,241
"263","台北市","松山區","自強里",3435,1630,5242,8544,1385,836,3506.36,10068,1040,834,1072,1225,1581,1658,1329,677,652
"264","台北市","萬華區","保德里",1142,545,1765,2911,1060,644,2083.87,3548,327,308,453,583,474,585,425,242,151
"265","台北市","萬華區","菜園里",1939,1076,3160,5489,918,619,1212.07,6271,596,365,701,1109,907,966,893,485,249
"266","台北市","萬華區","頂碩里",2168,1210,3545,6398,888,609,1155.04,7561,642,559,901,1336,1051,1167,1075,508,322
"267","台北市","萬華區","福星里",1710,841,2666,4833,1026,639,1457.6,5709,565,401,501,953,895,850,856,381,307
"268","台北市","萬華區","福音里",1297,680,2105,3514,1569,610,13295.41,4101,364,283,494,810,560,562,591,262,175
"269","台北市","萬華區","富福里",1541,832,2465,5559,1055,622,2740.3,6332,359,362,642,976,962,1137,1150,433,311
"270","台北市","萬華區","富民里",1499,715,2337,4411,820,599,786.36,5057,415,303,574,826,707,716,835,418,263
"271","台北市","萬華區","和德里",2105,937,3251,6128,783,547,815.95,7354,667,613,960,1296,1097,1109,863,473,276
"272","台北市","萬華區","和平里",2108,1063,3323,6228,752,571,682.38,7177,615,426,854,1311,1070,1116,943,524,318
"273","台北市","萬華區","華江里",2837,1347,4374,7643,812,587,788.66,8890,804,631,1167,1588,1332,1317,1122,598,331
"274","台北市","萬華區","華中里",2204,992,3326,5505,846,615,896.47,6521,568,505,746,1100,1043,974,763,502,320
"275","台北市","萬華區","錦德里",1742,890,2741,4923,796,596,725.41,5795,573,350,681,1076,898,858,706,400,253
"276","台北市","萬華區","凌霄里",1372,547,2000,3296,773,594,638.55,3848,285,272,399,605,641,667,473,251,255
"277","台北市","萬華區","柳鄉里",1588,793,2493,4677,767,539,1117.61,5462,441,379,643,979,803,820,744,407,246
"278","台北市","萬華區","綠堤里",1285,549,1915,3860,701,556,609.58,4500,335,389,541,715,680,677,609,333,221
"279","台北市","萬華區","銘德里",1508,773,2354,4194,863,603,932.02,4866,442,325,558,881,817,718,589,378,158
"280","台北市","萬華區","青山里",1829,834,2814,5192,867,574,1048.89,5889,385,374,678,983,866,971,929,454,249
"281","台北市","萬華區","全德里",1394,729,2232,3767,1020,664,1620.87,4644,501,418,537,782,744,644,551,298,169
"282","台北市","萬華區","仁德里",1520,875,2504,4301,1138,653,1664.27,4939,337,311,635,805,664,761,811,339,276
"283","台北市","萬華區","日善里",1284,656,2006,3212,827,600,777.32,3898,384,328,457,695,583,571,503,238,139
"284","台北市","萬華區","日祥里",1920,797,2867,4900,920,624,1460.25,5748,454,431,616,874,936,899,736,445,357
"285","台北市","萬華區","榮德里",1088,481,1630,3234,784,597,725,3780,342,226,437,649,605,552,488,314,167
"286","台北市","萬華區","壽德里",1709,843,2657,4533,943,668,943.65,5453,533,460,685,885,821,831,711,320,207
"287","台北市","萬華區","雙園里",1463,827,2397,3995,926,629,944.85,4884,486,460,555,850,744,715,601,294,179
"288","台北市","萬華區","糖廍里",1820,916,2854,4891,NA,NA,NA,NA,NA,NA,NA,NA,NA,NA,NA,NA,NA
"289","台北市","萬華區","騰雲里",1118,505,1689,2777,966,636,1517.68,3180,215,226,369,555,430,530,490,225,140
"290","台北市","萬華區","萬壽里",996,434,1498,3020,1021,663,1248.98,3507,291,189,285,543,599,556,598,290,156
"291","台北市","萬華區","西門里",1037,623,1707,3386,1042,696,2806.4,3918,361,211,344,722,688,560,600,230,202
"292","台北市","萬華區","孝德里",1131,496,1696,2903,803,601,715.12,3469,331,225,396,651,538,517,444,227,140
"293","台北市","萬華區","新安里",1988,821,2925,5522,789,573,783.27,6392,452,476,795,1028,943,1080,837,442,339
"294","台北市","萬華區","新和里",3091,1310,4554,7544,934,671,973.62,8626,623,622,1098,1337,1030,1502,1378,522,514
"295","台北市","萬華區","新起里",2009,1006,3176,5794,1081,676,2263.16,6685,562,403,690,1126,984,1038,1077,477,328
"296","台北市","萬華區","新忠里",1297,425,1801,3076,912,602,956.95,3511,230,251,344,441,549,595,471,296,334
"297","台北市","萬華區","興德里",1544,674,2319,4154,822,627,730.51,5020,499,432,594,865,789,714,594,347,186
"298","台北市","萬華區","忠德里",1494,733,2336,3885,830,606,719.31,4636,445,428,524,803,734,647,529,333,193
"299","台北市","萬華區","忠貞里",1817,612,2536,4365,794,575,765.15,4960,319,338,505,664,699,811,749,432,443
"300","台北市","文山區","博嘉里",1873,994,2962,5133,1326,756,5439.05,6113,606,527,732,1020,970,933,740,352,233
"301","台北市","文山區","華興里",3137,1593,4887,7764,1372,837,2112.68,9328,917,907,1164,1350,1585,1493,1033,546,333
"302","台北市","文山區","景東里",2408,1147,3668,6155,1141,799,1335.75,7735,792,954,813,1212,1350,1135,884,359,236
"303","台北市","文山區","景華里",1922,959,2979,5016,1145,766,1684.22,6072,561,670,664,989,950,837,747,383,271
"304","台北市","文山區","景美里",1748,838,2688,4365,1261,799,2072.2,5504,566,629,556,811,938,705,692,385,222
"305","台北市","文山區","景慶里",2051,1059,3218,5676,1038,739,1055.49,6994,697,740,802,1099,1047,1024,885,428,272
"306","台北市","文山區","景仁里",1623,871,2575,4345,1222,808,1427.75,5195,601,543,562,814,826,730,647,277,195
"307","台北市","文山區","景行里",2352,1161,3635,6228,1184,747,2066.87,7953,966,995,843,1219,1397,1072,809,380,272
"308","台北市","文山區","老泉里",293,122,443,789,744,543,718.3,981,86,131,121,151,151,139,105,55,42
"309","台北市","文山區","明興里",2223,1136,3504,6057,1055,753,1016.37,7111,572,650,874,1157,1231,1200,835,360,232
"310","台北市","文山區","明義里",1183,588,1862,3536,995,606,1245.9,4551,392,707,651,601,739,668,431,211,151
"311","台北市","文山區","木柵里",3011,1514,4667,7736,1455,827,2954.21,9190,801,919,1087,1244,1539,1443,1119,615,423
"312","台北市","文山區","木新里",2850,1439,4502,9127,1045,660,3270.47,10562,787,878,1255,1645,1688,1816,1513,572,408
"313","台北市","文山區","試院里",2465,1188,3776,6013,1246,791,4508.55,7167,680,664,879,1140,1153,1107,902,379,263
"314","台北市","文山區","順興里",2324,1238,3732,6503,1044,704,1262.26,8062,882,817,978,1364,1267,1180,947,386,241
"315","台北市","文山區","萬芳里",2569,1433,4158,6932,1107,751,1451.61,8313,767,784,1034,1382,1273,1316,1090,403,264
"316","台北市","文山區","萬和里",1174,512,1754,2899,1158,779,1408.65,3393,296,282,365,467,517,567,379,256,264
"317","台北市","文山區","萬隆里",2599,1238,3955,6217,1176,807,1296.55,7647,751,803,841,1197,1137,1150,1009,454,305
"318","台北市","文山區","萬美里",2287,1245,3690,6498,1334,772,1988.47,7652,622,710,990,1101,1155,1289,1084,441,260
"319","台北市","文山區","萬年里",1805,842,2767,4778,1364,746,8501.14,5556,473,384,676,918,773,851,810,394,277
"320","台北市","文山區","萬盛里",1609,832,2548,4209,1261,766,6027.1,4888,408,324,544,778,731,784,724,336,259
"321","台北市","文山區","萬祥里",1520,807,2432,3961,1063,768,1030.73,4686,424,428,531,745,730,670,636,314,208
"322","台北市","文山區","萬興里",2602,1527,4273,7131,1440,832,2086.47,8846,896,1057,1124,1197,1445,1429,958,437,303
"323","台北市","文山區","萬有里",1868,985,2939,4829,1247,806,1471.81,5889,584,631,698,957,877,854,747,336,205
"324","台北市","文山區","興安里",2398,1117,3629,5817,1310,803,2255.2,6937,639,703,780,1028,1086,1078,880,449,294
"325","台北市","文山區","興邦里",1722,839,2650,4385,1134,802,1324.87,5079,438,414,601,780,869,872,575,327,203
"326","台北市","文山區","興昌里",2166,1223,3521,5896,1414,859,2012.44,7003,604,629,832,1028,1261,1140,864,388,257
"327","台北市","文山區","興得里",1974,991,3067,5159,1043,720,1044.56,6172,542,546,792,1046,941,934,818,348,205
"328","台北市","文山區","興豐里",1630,862,2603,4240,1262,806,1492.39,5124,413,545,581,768,866,813,629,301,208
"329","台北市","文山區","興福里",2001,1032,3160,4847,1084,752,1296.74,6161,652,740,737,980,957,840,756,313,186
"330","台北市","文山區","興光里",1113,572,1765,2936,1232,785,2004.59,3510,305,335,437,575,585,557,409,193,114
"331","台北市","文山區","興家里",2600,1301,4025,6643,966,689,977.88,7856,715,661,1050,1361,1178,1237,1059,363,232
"332","台北市","文山區","興泰里",1461,729,2262,3516,1128,756,1195.66,4079,358,278,482,617,691,707,523,266,157
"333","台北市","文山區","興旺里",2947,1390,4463,7265,1058,748,1202.91,8700,925,681,954,1637,1564,1305,978,405,251
"334","台北市","文山區","興業里",1925,954,2989,4847,1146,769,1322.27,5542,477,369,616,931,783,845,868,381,272
"335","台北市","文山區","樟腳里",1881,933,2933,4889,1295,747,2422.52,6021,650,602,835,887,917,995,646,286,203
"336","台北市","文山區","樟林里",2926,1414,4515,7402,1101,718,2618.17,8888,811,861,1046,1384,1412,1342,1102,570,360
"337","台北市","文山區","樟樹里",1677,796,2552,4223,1008,672,1400.17,5212,556,552,630,839,875,715,601,281,163
"338","台北市","文山區","樟文里",2098,1039,3259,5308,1033,721,1118.42,6513,674,653,787,1082,1076,890,796,364,191
"339","台北市","文山區","樟新里",1833,961,2901,4781,1283,835,1625.9,5915,663,619,756,841,968,979,654,282,153
"340","台北市","文山區","政大里",2216,1480,3819,6091,1810,1208,2258.4,8085,1064,1180,840,1009,1664,1228,635,287,178
"341","台北市","文山區","指南里",1201,678,2000,3454,1195,756,1550.37,4098,386,401,503,654,646,709,431,209,159
"342","台北市","文山區","忠順里",1573,670,2331,3615,1312,816,2269.91,4141,270,354,543,578,631,741,535,271,218
"343","台北市","信義區","安康里",3350,1697,5213,8706,3333,995,18271.81,11215,1501,1155,1103,1721,1767,1501,1450,670,347
"344","台北市","信義區","大道里",2061,1005,3182,5430,1047,704,1248.44,6216,511,408,723,1085,875,921,991,456,246
"345","台北市","信義區","大仁里",1378,680,2150,3609,911,674,871.12,4150,304,292,458,701,640,629,555,351,220
"346","台北市","信義區","敦厚里",1727,1001,2821,4589,1144,752,1440.28,5436,494,385,624,961,885,818,691,354,224
"347","台北市","信義區","富台里",1335,725,2136,3770,NA,NA,NA,4548,429,447,459,749,838,679,510,256,181
"348","台北市","信義區","廣居里",2585,1306,4018,6667,1297,830,1976.38,8367,1003,776,902,1260,1263,1243,1113,479,328
"349","台北市","信義區","國業里",2610,1280,4022,6448,1221,803,1565.66,8169,1005,875,840,1161,1370,1124,970,525,299
"350","台北市","信義區","惠安里",2241,1061,3415,5898,996,695,976,6786,513,517,889,1083,1056,1177,863,435,253
"351","台北市","信義區","嘉興里",1125,560,1727,2842,999,653,1157.85,3247,248,199,348,556,488,521,493,256,138
"352","台北市","信義區","景聯里",1576,796,2476,4100,1131,751,1331.19,4725,335,315,589,753,686,723,759,354,211
"353","台北市","信義區","景勤里",1331,645,2014,3592,1022,714,1096.12,4182,357,288,463,646,654,664,571,322,217
"354","台北市","信義區","景新里",1612,778,2469,4437,2383,850,9088.07,5312,534,442,579,793,702,859,769,379,255
"355","台北市","信義區","黎安里",737,253,1064,1851,839,585,897.19,2133,127,140,193,282,343,340,350,132,226
"356","台北市","信義區","黎平里",2216,1172,3549,6210,1083,742,1181.46,7296,600,559,872,1241,1110,1122,1010,505,277
"357","台北市","信義區","黎順里",1331,701,2097,3662,1131,741,1289.9,4254,369,233,507,773,606,665,623,301,177
"358","台北市","信義區","黎忠里",1686,760,2547,4310,1006,711,1137.07,5025,425,344,570,904,781,753,713,352,183
"359","台北市","信義區","六合里",2221,1169,3486,6070,1710,773,10419.23,6901,491,482,915,975,1048,1185,1000,503,302
"360","台北市","信義區","六藝里",1205,586,1882,3190,996,699,994.94,3930,391,424,467,597,651,558,456,236,150
"361","台北市","信義區","三犁里",1626,844,2540,4622,2266,805,10758.98,5406,428,417,631,775,799,866,851,404,235
"362","台北市","信義區","三張里",3069,1463,4690,7867,1342,729,5135.09,9204,781,708,1090,1394,1387,1390,1291,708,455
"363","台北市","信義區","雙和里",2273,1289,3677,6247,1087,739,1268.84,7413,682,576,890,1230,1115,1122,1043,475,280
"364","台北市","信義區","四維里",1812,943,2848,4811,1091,677,1966.23,5531,412,347,750,991,637,881,919,355,239
"365","台北市","信義區","四育里",1910,1055,3096,5022,988,699,1022.72,5749,458,358,758,1041,778,866,848,399,243
"366","台北市","信義區","松光里",1647,846,2587,4448,1058,716,1186.23,5039,359,304,548,822,786,755,730,495,240
"367","台北市","信義區","松隆里",711,366,1133,2004,842,641,773.94,2346,176,165,294,389,322,430,323,156,91
"368","台北市","信義區","松友里",2155,1127,3377,5741,1026,724,1080.63,7184,819,712,725,1202,1142,917,988,422,257
"369","台北市","信義區","泰和里",2472,1269,3893,6899,1043,674,1767.92,8195,743,629,998,1457,1340,1222,1069,486,251
"370","台北市","信義區","五常里",1222,572,1875,3229,1054,694,1298.67,3872,355,283,483,645,536,595,545,262,168
"371","台北市","信義區","五全里",1559,802,2454,4405,1065,666,1698.97,5135,418,348,611,879,789,763,720,361,246
"372","台北市","信義區","西村里",1684,759,2519,5151,1092,744,1233.09,6024,422,419,561,843,840,1016,1113,403,407
"373","台北市","信義區","新仁里",1071,603,1710,2898,1376,862,2244.95,3492,326,329,364,499,513,533,496,266,166
"374","台北市","信義區","興隆里",868,447,1373,2446,4521,815,70619.52,3000,272,260,301,401,440,435,449,274,168
"375","台北市","信義區","興雅里",1935,932,2987,5054,1139,754,1401.99,5968,459,508,643,876,955,848,828,560,291
"376","台北市","信義區","雅祥里",1643,858,2591,4362,1126,704,1774.49,5229,501,403,621,858,851,782,677,346,190
"377","台北市","信義區","永春里",1744,809,2625,4373,938,669,931.34,5088,427,357,606,925,705,734,724,360,250
"378","台北市","信義區","永吉里",1312,587,1988,3536,865,588,1608.16,4166,356,326,558,777,618,639,527,246,119
"379","台北市","信義區","長春里",1441,739,2293,3898,897,619,955.35,4351,327,292,580,782,640,700,517,313,200
"380","台北市","信義區","正和里",1547,781,2403,3949,1382,797,2385.16,4793,463,491,462,629,745,698,713,366,226
"381","台北市","信義區","中坡里",1570,797,2459,3964,1001,649,2176.78,4650,376,324,616,815,654,681,671,350,163
"382","台北市","信義區","中行里",2635,1428,4211,7061,952,676,1130.9,8337,780,609,1083,1544,1163,1212,1150,516,280
"383","台北市","信義區","中興里",1029,612,1682,3076,1284,780,1718.13,3689,410,254,359,603,529,604,523,245,162
"384","台北市","中山區","北安里",934,445,1425,2267,1178,790,1289.62,2825,261,270,329,417,413,439,423,164,109
"385","台北市","中山區","成功里",2083,1161,3343,5575,2844,1159,11486.08,7193,925,891,743,1072,1211,1030,791,333,197
"386","台北市","中山區","大佳里",376,132,528,944,917,571,1342.57,1147,100,112,121,183,183,158,171,76,43
"387","台北市","中山區","大直里",2927,1707,4791,7819,1231,778,1851.25,9878,1002,1138,1052,1554,1412,1338,1343,668,371
"388","台北市","中山區","復華里",1427,779,2300,4100,1527,786,2712.97,4831,411,418,546,703,725,797,687,307,237
"389","台北市","中山區","恆安里",1438,823,2362,4306,1455,698,8631.85,5045,498,274,531,938,831,786,684,305,198
"390","台北市","中山區","集英里",2140,1207,3469,6149,1446,693,6841.44,7390,737,699,796,1183,1152,1127,953,444,299
"391","台北市","中山區","劍潭里",1326,507,1884,3209,1105,730,1315.07,3917,393,335,394,545,610,575,602,223,240
"392","台北市","中山區","江寧里",2160,1240,3553,6102,1313,813,1788.82,7233,628,601,827,1154,1067,1117,1064,479,296
"393","台北市","中山區","江山里",2356,1358,3884,6660,1196,743,1726.26,7807,624,633,806,1250,1168,1164,1188,608,366
"394","台北市","中山區","金泰里",2410,1229,3740,6297,2265,1071,8048.18,8081,1035,952,775,1188,1737,1158,711,336,189
"395","台北市","中山區","聚盛里",1365,634,2078,3822,963,628,1599.89,4244,323,201,382,829,716,688,694,277,134
"396","台北市","中山區","聚葉里",1278,642,1992,3581,1084,681,1905.41,4076,314,219,454,738,625,655,606,281,184
"397","台北市","中山區","康樂里",830,401,1290,2359,1229,716,2678.52,2622,190,98,245,420,407,494,468,175,125
"398","台北市","中山區","力行里",1928,1069,3087,5339,1945,813,6362.67,6175,519,414,691,923,845,984,1013,467,319
"399","台北市","中山區","龍洲里",1810,882,2789,4474,1215,739,1609.58,5124,336,367,605,692,689,1014,841,299,281
"400","台北市","中山區","民安里",1505,874,2460,4046,1231,695,2414.37,4692,373,286,525,742,596,752,779,367,272
"401","台北市","中山區","埤頭里",1128,610,1822,2988,998,682,1123.26,3529,276,244,346,589,553,525,527,282,187
"402","台北市","中山區","晴光里",1581,885,2582,4917,1354,694,6652.04,5572,463,277,577,999,892,903,873,365,223
"403","台北市","中山區","松江里",2139,1139,3409,5635,1621,762,6392.04,6777,624,625,739,1014,1019,986,971,491,308
"404","台北市","中山區","下埤里",2489,1423,4062,6655,1152,725,1872.4,7777,642,540,968,1362,1116,1193,1209,501,246
"405","台北市","中山區","新福里",1651,808,2624,4535,1420,636,15183.29,5334,504,363,557,946,817,791,773,405,178
"406","台北市","中山區","新生里",1456,834,2380,4400,965,635,1163.71,5059,418,308,541,860,789,830,723,363,227
"407","台北市","中山區","新喜里",1696,915,2706,4693,1053,650,2575.74,5580,524,395,652,993,889,850,758,334,185
"408","台北市","中山區","新庄里",1770,837,2720,4476,873,605,910.41,5204,481,335,626,915,772,870,707,319,179
"409","台北市","中山區","行仁里",2632,1399,4199,7203,932,643,1464.26,8524,824,596,1001,1594,1282,1247,1189,538,253
"410","台北市","中山區","行孝里",1319,731,2119,3654,892,633,883.03,4258,389,296,538,823,607,641,606,237,121
"411","台北市","中山區","行政里",1717,971,2777,6843,982,645,1927.52,7697,501,390,824,1151,1186,1419,1338,543,345
"412","台北市","中山區","興亞里",1651,975,2750,4739,1416,718,3883.52,5427,403,355,613,906,776,889,836,372,277
"413","台北市","中山區","永安里",2843,1741,4716,7980,2081,988,4621.65,9999,1239,1014,1184,1337,1517,1634,1252,523,299
"414","台北市","中山區","圓山里",1291,728,2119,3765,1123,660,5043.05,4387,432,277,471,777,686,687,628,268,161
"415","台北市","中山區","正得里",1146,622,1834,3284,1398,730,5646.09,3754,306,174,378,621,595,665,560,271,184
"416","台北市","中山區","正守里",1012,567,1628,2854,1207,722,2173.85,3263,264,229,349,553,478,518,484,238,150
"417","台北市","中山區","正義里",1485,840,2435,4755,1111,619,8570.69,5389,387,332,625,934,841,952,796,320,202
"418","台北市","中山區","中吉里",1686,980,2771,4824,1500,783,4421.96,5879,562,619,602,891,910,885,762,396,252
"419","台北市","中山區","中山里",2013,1104,3229,6065,1002,644,1646.28,6773,557,276,711,1344,1092,1157,1010,401,225
"420","台北市","中山區","中央里",1144,696,1918,3133,1552,754,12237.62,3884,394,431,415,533,645,555,509,236,166
"421","台北市","中山區","中原里",1602,1125,2850,4529,1270,724,3163.74,5208,490,317,551,927,707,826,776,394,220
"422","台北市","中山區","中庄里",1498,875,2482,4584,1018,636,1655.37,5286,417,345,590,869,856,795,762,420,232
"423","台北市","中山區","朱馥里",1888,942,2947,5094,1119,682,1751.82,6241,585,607,595,1016,995,966,833,406,238
"424","台北市","中山區","朱崙里",963,524,1542,2459,1306,725,2092.2,2908,267,221,291,441,453,472,423,195,145
"425","台北市","中山區","朱園里",1361,872,2310,4035,2466,797,20297.63,4721,408,331,531,821,662,776,671,294,227
"426","台北市","中正區","愛國里",985,531,1578,2643,1237,768,1971.83,3507,391,524,334,494,577,442,397,206,142
"427","台北市","中正區","板溪里",1110,570,1744,2952,1173,747,1813.17,3380,291,183,338,631,471,515,511,267,173
"428","台北市","中正區","頂東里",2024,1163,3283,5329,1195,791,1585.03,6206,529,353,665,1081,888,911,966,491,322
"429","台北市","中正區","東門里",1286,695,2060,3274,7962,912,229847.14,4184,494,455,437,605,609,579,579,263,163
"430","台北市","中正區","富水里",851,404,1300,2197,1305,931,1351,2687,330,200,259,540,424,383,297,151,103
"431","台北市","中正區","光復里",1219,626,1940,3213,1539,747,3819.75,4000,400,484,426,578,634,577,512,232,157
"432","台北市","中正區","河堤里",1406,852,2326,4079,1201,757,2243.96,4710,380,263,549,771,646,722,743,341,295
"433","台北市","中正區","建國里",473,245,732,1254,1498,942,2039.93,1740,299,236,170,258,297,187,169,70,54
"434","台北市","中正區","黎明里",1046,418,1518,2726,1525,832,4308.57,3503,400,434,349,495,605,460,423,206,131
"435","台北市","中正區","林興里",1607,783,2452,3990,1263,875,1915.54,4781,502,397,445,788,770,711,624,316,228
"436","台北市","中正區","龍福里",1680,979,2753,4648,1453,921,5268.91,6417,1017,782,619,968,1065,763,661,344,198
"437","台北市","中正區","龍光里",1103,531,1686,2724,1454,932,2511.68,3785,602,469,314,592,623,419,394,230,142
"438","台北市","中正區","龍興里",1225,664,1940,3160,1186,814,1299.07,4456,860,471,383,777,739,476,393,214,143
"439","台北市","中正區","梅花里",1006,552,1615,2780,1598,856,3455.31,3227,267,236,320,482,495,493,497,251,186
"440","台北市","中正區","南福里",3288,1753,5162,8679,1578,1025,2065.77,11346,1139,1925,1160,1363,2097,1549,1171,549,393
"441","台北市","中正區","南門里",890,457,1394,2235,1757,875,4990.68,2894,319,412,280,393,481,314,357,209,129
"442","台北市","中正區","三愛里",2613,1511,4244,7227,1841,895,7687.77,8944,911,998,885,1146,1433,1252,1153,685,481
"443","台北市","中正區","廈安里",1433,673,2185,3562,1250,791,1791.75,4881,806,630,440,850,761,536,514,196,148
"444","台北市","中正區","水源里",954,525,1527,2625,1116,744,1285.38,3081,284,199,333,511,426,477,401,270,180
"445","台北市","中正區","網溪里",1981,1063,3171,5107,1196,795,1350.56,5984,529,381,692,1012,835,902,897,432,304
"446","台北市","中正區","文北里",1673,966,2746,4703,2583,950,16155.23,5827,583,571,584,733,874,858,859,458,307
"447","台北市","中正區","文盛里",801,439,1283,2101,1238,853,1354.43,2363,174,167,257,341,347,389,323,217,148
"448","台北市","中正區","文祥里",2345,1241,3706,6409,1598,949,2900.17,8432,1047,1193,788,1104,1411,1107,999,440,343
"449","台北市","中正區","新營里",2905,1358,4381,7237,1683,1047,2956.99,10148,1437,1714,910,1272,1844,1227,973,421,350
"450","台北市","中正區","幸福里",1541,707,2293,5016,1594,893,3252.82,6018,493,557,543,783,897,962,955,398,430
"451","台北市","中正區","幸市里",1419,840,2338,3951,2200,928,7361.61,4651,402,331,501,662,621,726,720,422,266
"452","台北市","中正區","螢圃里",1822,973,2929,4914,1121,732,1386.18,5567,426,387,605,948,839,830,792,455,285
"453","台北市","中正區","螢雪里",1511,698,2281,3916,968,637,1094.65,4531,350,269,559,799,634,710,674,326,210
"454","台北市","中正區","永昌里",1694,800,2612,4497,843,596,868.9,5185,390,335,619,878,737,827,749,404,246
"455","台北市","中正區","永功里",1933,1045,3108,5279,1072,723,1185.36,6505,698,627,696,1084,1040,880,777,427,276
"456","台北市","中正區","忠勤里",2007,851,3002,5865,724,548,641.87,6668,414,475,769,1085,1047,1149,902,479,348
